,Daily Time Spent on Site,Age,Area Income,Daily Internet Usage,Male,Clicked on Ad,Day,Month,IsWeekend,Regions,Topic Group
0,6.8950000000000005,35,61833.9,102.436,0,0,6,3,1,Africa,0
1,8.023,31,68441.85,77.50800000000001,1,0,0,4,0,Oceania,2
2,6.947,26,59785.94,94.6,0,0,6,3,1,Europe,3
3,7.415000000000001,29,54806.18,98.356,1,0,6,1,1,Europe,1
4,6.837000000000001,35,73889.99,90.232,0,0,4,6,0,Europe,1
5,5.9990000000000006,23,59761.56,90.696,1,0,3,5,0,Europe,1
6,8.891,33,53852.85,83.34400000000001,0,0,3,1,0,Asia,0
7,6.6,48,24593.33,52.70399999999999,1,1,0,3,0,Oceania,0
8,7.453,30,68862.0,88.604,1,0,0,4,0,North America,1
9,6.988,20,55642.32,73.52799999999999,1,0,0,7,0,Africa,2
10,4.764,49,45632.51,48.808,0,1,2,3,0,Asia,4
11,8.306999999999999,37,62491.01,92.348,1,0,6,5,1,Africa,4
12,6.956999999999999,48,51636.92,45.248000000000005,1,1,4,6,0,Africa,2
13,7.952,24,51739.63,85.692,0,0,2,4,0,Europe,2
14,4.295,33,30976.0,57.424,0,1,3,3,0,North America,1
15,6.345000000000001,23,52182.23,56.25599999999999,1,1,2,3,0,Europe,1
16,5.539,37,23936.86,51.764,0,1,5,1,1,Asia,1
17,8.203,41,71511.08,75.012,0,0,0,5,0,Asia,5
18,5.470000000000001,36,31087.54,47.356,1,1,5,2,1,Oceania,1
19,7.458,40,23821.72,54.20399999999999,1,1,5,2,1,Europe,3
20,7.721999999999999,30,64802.33,89.776,1,0,1,1,0,Africa,5
21,8.459,35,60015.57,90.616,1,0,4,3,0,Africa,4
22,4.149,52,32635.7,65.932,0,1,4,5,0,Africa,0
23,8.729000000000001,36,61628.72,83.97200000000001,1,0,2,3,0,Asia,0
24,4.139,41,68962.32,66.888,0,1,0,6,0,Oceania,2
25,7.874,28,64828.0,81.916,1,0,4,5,0,Europe,4
26,4.853,28,38067.08,53.65599999999999,1,1,0,2,0,Oceania,4
27,5.195,52,58295.82,51.69199999999999,0,1,1,7,0,Europe,3
28,7.0200000000000005,34,32708.94,47.68,0,1,3,4,0,Others,5
29,7.601999999999999,22,46179.97,83.928,0,0,2,1,0,Oceania,1
30,6.764,35,51473.28,106.804,1,0,5,7,1,South America,3
31,8.641,28,45593.93,82.99199999999999,1,0,1,3,0,Others,2
32,5.904999999999999,57,25583.29,67.692,1,1,4,7,0,Asia,2
33,5.5600000000000005,23,30227.98,85.03200000000001,0,1,3,1,0,Africa,4
34,5.764,57,45580.92,53.524,1,1,1,3,0,North America,3
35,8.437000000000001,30,61389.5,80.632,0,0,1,4,0,Europe,3
36,6.226,53,56770.79,50.18,1,1,3,4,0,Europe,2
37,6.581999999999999,39,76435.3,88.776,0,0,1,2,0,Europe,3
38,5.043,46,57425.87,47.728,1,1,5,5,1,Oceania,5
39,3.893,39,27508.41,64.83200000000001,0,1,4,3,0,Africa,4
40,8.498000000000001,29,57691.95,81.04400000000001,0,0,2,4,0,Europe,3
41,6.424,30,59784.18,100.944,0,0,5,4,1,Africa,3
42,8.251999999999999,32,66572.39,79.244,1,0,6,5,1,Asia,5
43,8.138,31,64929.61,84.92,0,0,0,2,0,Oceania,5
44,8.047,25,57519.64,81.944,0,0,3,2,0,Africa,2
45,3.768,52,53575.48,69.132,1,1,2,2,0,Asia,3
46,6.962000000000001,20,50983.75,80.9,1,0,4,2,0,Asia,0
47,8.540000000000001,43,67058.72,79.488,0,0,2,6,0,Asia,3
48,4.433,37,52723.34,49.488,1,1,4,1,0,North America,3
49,4.801,46,54286.1,47.972,0,1,0,4,0,Europe,4
50,7.318,23,61526.25,78.684,1,0,0,4,0,Others,2
51,7.994,28,58526.04,90.116,0,0,1,5,0,Europe,5
52,3.333,45,53350.11,77.432,1,1,6,1,1,Africa,4
53,5.033,50,62657.53,53.28,1,1,2,3,0,Oceania,3
54,6.231,47,62722.57,47.72,0,1,6,2,1,Asia,2
55,8.059999999999999,31,67479.62,71.02000000000001,0,0,3,4,0,Europe,1
56,6.519,36,75254.88,60.24400000000001,0,1,2,2,0,Asia,0
57,4.497999999999999,49,52336.64,51.724,0,1,6,4,1,Oceania,3
58,7.763,29,56113.37,95.688,0,0,6,2,1,Asia,1
59,4.182,41,24852.9,62.544,0,1,3,5,0,Asia,5
60,8.561,27,47708.42,73.372,0,0,5,4,1,Africa,0
61,8.584,34,64654.66,77.172,1,0,2,6,0,North America,3
62,7.208,29,71228.44,67.8,0,0,2,3,0,Africa,2
63,8.606,32,61601.05,71.568,1,0,3,3,0,Europe,3
64,4.596,45,66281.46,56.488,0,1,4,6,0,Oceania,5
65,6.242,29,73910.9,79.4,1,0,3,3,0,North America,4
66,6.389,40,51317.33,42.088,0,1,4,1,0,Africa,3
67,3.533,32,51510.18,80.088,0,1,6,6,1,Others,3
68,7.574,25,61005.87,86.1,1,0,5,1,1,Africa,4
69,7.853,34,32536.98,52.688,0,1,4,4,0,Oceania,1
70,4.613,31,60248.97,55.604,0,1,0,2,0,Oceania,0
71,6.901000000000001,46,74543.81,89.05199999999999,0,0,3,7,0,Others,5
72,5.535,39,75509.61,61.268,1,1,1,3,0,Oceania,5
73,3.321,43,42650.32,66.828,1,1,1,5,0,Asia,2
74,3.846,42,58183.04,58.392,1,1,2,4,0,North America,1
75,6.409999999999999,22,60465.72,86.372,0,0,4,4,0,Africa,5
76,4.981,35,57009.76,48.024,1,1,1,1,0,Others,1
77,8.273,33,54541.56,95.596,1,0,4,5,0,Asia,4
78,5.614,38,32689.04,45.412,1,1,2,2,0,Europe,3
79,5.513,45,55605.92,44.684,0,1,2,2,0,Europe,1
80,7.811,27,63296.87,83.7,1,0,5,1,1,Europe,5
81,7.345999999999999,28,65653.47,89.1,1,0,6,5,1,North America,3
82,5.664,38,61652.53,46.364,0,1,1,1,0,Others,1
83,6.894,54,30726.26,55.484,0,1,1,4,0,Asia,1
84,7.079000000000001,31,74535.94,73.64,0,0,1,3,0,Oceania,5
85,5.776,41,47861.93,42.06,0,1,6,6,1,North America,1
86,7.751,36,73600.28,80.22,0,0,4,7,0,Africa,2
87,5.2700000000000005,34,58543.94,47.44,1,1,6,5,1,South America,2
88,5.7700000000000005,34,42696.67,43.628,0,1,0,3,0,Oceania,0
89,5.689,37,37334.78,43.716,1,1,2,5,0,Oceania,0
90,6.99,43,71392.53,55.34,0,1,4,5,0,Others,1
91,5.579,24,59550.05,59.868,0,1,5,2,1,North America,2
92,7.003,26,64264.25,91.088,1,0,6,5,1,Oceania,4
93,5.008,40,64147.86,50.34,1,1,6,4,1,Europe,2
94,4.367,31,25686.34,66.51599999999999,1,1,6,2,1,Others,5
95,7.284000000000001,26,52968.22,95.452,0,0,4,7,0,Europe,2
96,4.572,36,22473.08,61.608,1,1,1,4,0,Asia,3
97,3.994,41,64927.19,62.52,0,1,4,1,0,Europe,0
98,3.561,46,51868.85,63.288,0,1,0,3,0,Africa,1
99,7.970999999999999,34,69456.83,84.66,1,0,5,7,1,Asia,2
100,4.149,53,31947.65,67.672,0,1,6,7,1,Africa,5
101,6.36,23,51864.77,94.112,1,0,2,6,0,Europe,1
102,8.991,40,59593.56,77.692,0,0,5,7,1,Asia,5
103,6.8180000000000005,21,48376.14,87.268,1,0,1,2,0,Europe,1
104,6.648999999999999,20,56884.74,80.864,0,0,4,6,0,Others,1
105,8.049,40,67186.54,91.648,1,0,6,2,1,Africa,3
106,7.223000000000001,25,46557.92,96.412,1,0,1,7,0,Asia,1
107,4.239,42,66541.05,60.396,0,1,3,4,0,Oceania,4
108,4.753,30,33258.09,54.072,0,1,6,4,1,Africa,3
109,7.401999999999999,32,72272.9,84.216,0,0,2,3,0,Oceania,0
110,6.662999999999999,60,60333.38,70.792,0,1,5,1,1,Africa,3
111,6.324,53,65229.13,94.312,1,1,6,7,1,Asia,0
112,7.1,22,56067.38,84.748,0,0,0,3,0,Africa,3
113,4.613,46,37838.72,49.456,1,1,5,1,1,South America,4
114,6.9,32,72683.35,88.48400000000001,1,0,3,2,0,North America,3
115,7.699,31,56729.78,97.736,1,0,2,6,0,Others,4
116,7.26,55,66815.54,65.17999999999999,0,1,2,7,0,Asia,0
117,6.188000000000001,42,60223.52,44.876,1,1,5,7,1,Others,0
118,8.445,50,29727.79,82.872,0,1,2,7,0,Africa,0
119,8.897,45,49269.98,60.996,0,1,5,6,1,Asia,5
120,8.619,31,57669.41,84.104,1,0,6,5,1,Europe,3
121,4.958,26,56791.75,92.776,0,0,3,4,0,Africa,3
122,7.765000000000001,27,63274.88,85.116,0,0,3,2,0,Oceania,4
123,3.775,36,35466.8,90.096,0,1,4,2,0,Asia,1
124,6.233,43,68787.09,50.844,0,1,1,6,0,Africa,5
125,7.956999999999999,31,61227.59,92.372,0,0,1,5,0,Africa,4
126,8.031,44,56366.88,50.828,0,1,0,4,0,Europe,5
127,8.905,45,57868.44,82.792,0,0,6,4,1,Others,1
128,7.041,27,66618.21,89.212,0,0,0,4,0,North America,3
129,6.736,37,73104.47,93.424,0,0,2,7,0,Others,0
130,4.698,50,21644.91,70.148,0,1,2,5,0,Europe,1
131,4.167,36,53817.02,53.02,0,1,0,6,0,Oceania,2
132,5.1240000000000006,36,76368.31,70.692,0,1,6,1,1,North America,1
133,7.57,29,67633.44,86.176,0,0,3,1,0,North America,5
134,4.349,47,50335.46,51.132,0,1,1,1,0,North America,5
135,4.989,39,17709.98,64.012,1,1,5,4,1,North America,5
136,3.837,36,41229.16,56.184000000000005,0,1,4,5,0,Others,4
137,3.852,38,42581.23,54.912,1,1,6,3,1,North America,0
138,7.189,23,61617.98,69.124,1,0,2,2,0,Asia,5
139,7.58,38,70575.6,58.476,1,0,0,4,0,Asia,2
140,8.386,31,64122.36,76.1,0,0,4,2,0,Europe,3
141,3.751,30,52097.32,65.2,1,1,0,3,0,Europe,3
142,5.5600000000000005,44,65953.76,49.752,1,1,1,6,0,Asia,2
143,8.367,44,60192.72,93.704,1,0,5,2,1,Oceania,1
144,6.908,41,77460.07,84.24,0,0,5,3,1,Others,4
145,3.747,44,45716.48,56.75599999999999,1,1,1,1,0,Europe,2
146,5.604,49,65120.86,51.58,1,1,6,2,1,Europe,1
147,7.0920000000000005,41,49995.63,43.264,1,1,3,5,0,Europe,1
148,4.978,46,71718.51,60.896,0,1,2,6,0,North America,5
149,6.861,57,61770.34,60.116,0,1,6,4,1,Africa,1
150,5.818,25,69112.84,70.512,1,0,2,2,0,Oceania,0
151,7.854000000000001,35,72524.86,68.84,0,0,5,5,1,Africa,4
152,3.7,48,36782.38,63.288,1,1,3,3,0,Africa,3
153,6.540000000000001,33,66699.12,98.924,0,0,4,2,0,Oceania,1
154,7.952,27,64287.78,73.392,1,0,4,6,0,Asia,4
155,8.798,38,56637.59,88.84400000000001,1,0,3,3,0,Asia,5
156,4.464,36,55787.58,50.804,0,1,6,2,1,North America,0
157,4.173,28,61142.33,80.872,1,1,3,1,0,North America,1
158,8.046,27,61625.87,83.184,1,0,3,2,0,North America,2
159,7.555,36,73234.87,63.696000000000005,0,1,0,5,0,Europe,0
160,7.632,35,74166.24,78.124,1,0,3,6,0,Asia,4
161,8.268,33,62669.59,89.108,1,0,0,6,0,Europe,5
162,7.2010000000000005,31,57756.89,100.4,0,0,0,2,0,Africa,4
163,7.583,24,58019.64,64.976,0,0,6,1,1,Oceania,1
164,4.128,50,50960.08,56.15599999999999,0,1,4,1,0,Africa,1
165,3.466,32,48246.6,77.932,0,1,3,7,0,Asia,1
166,6.618,55,28271.84,57.368,0,1,6,1,1,Oceania,1
167,8.606,31,53767.12,87.888,1,0,3,4,0,Asia,3
168,5.9590000000000005,42,43662.1,41.912,1,1,2,7,0,South America,3
169,8.669,34,62238.58,79.424,0,0,4,5,0,Africa,5
170,4.377000000000001,52,49030.03,55.42,1,1,0,1,0,Europe,1
171,7.184,47,76003.47,79.916,1,0,6,5,1,Africa,5
172,8.023,31,68094.85,78.49199999999999,0,0,5,3,1,Asia,1
173,7.441,26,64395.85,65.22,0,0,5,7,1,Asia,1
174,6.336,48,70053.27,54.972,0,1,3,6,0,Africa,4
175,7.174,35,72423.97,91.024,0,0,1,7,0,Asia,5
176,6.072,44,42995.8,42.276,0,1,6,2,1,Asia,3
177,7.204000000000001,22,60309.58,79.772,0,0,2,2,0,Africa,3
178,4.457,31,38349.78,53.268,1,1,6,3,1,Asia,3
179,8.586,34,63115.34,83.292,0,0,0,5,0,Oceania,1
180,3.985,38,31343.39,58.384,0,1,6,1,1,Asia,0
181,8.453,27,40763.13,67.336,0,1,0,1,0,North America,3
182,6.295,60,36752.24,62.816,0,1,1,5,0,South America,2
183,6.758,41,65044.59,102.244,1,0,0,2,0,Others,1
184,8.556000000000001,29,53673.08,84.184,0,0,6,6,1,Oceania,4
185,4.688000000000001,54,43444.86,54.65599999999999,0,1,3,2,0,Asia,5
186,4.631,57,44248.52,61.592,1,1,3,3,0,North America,3
187,7.795,31,62572.88,93.46,1,0,3,6,0,North America,5
188,8.473,30,39840.55,61.504,0,1,6,2,1,North America,3
189,3.986,36,32593.59,58.34,0,1,6,6,1,Africa,0
190,5.008,30,41629.86,49.564,0,1,6,1,1,Oceania,0
191,6.023,35,43313.73,42.744,0,1,1,3,0,Africa,3
192,6.07,49,42993.48,44.228,1,1,6,6,1,South America,1
193,4.367,53,46004.31,57.516,1,1,3,7,0,Oceania,5
194,7.720000000000001,33,49325.48,101.62,1,0,4,2,0,Asia,3
195,7.186,32,51633.34,46.612,0,1,1,5,0,Africa,5
196,4.478,45,63363.04,54.896,1,1,5,7,1,South America,3
197,7.856999999999999,36,64045.93,95.728,1,0,6,3,1,Africa,3
198,7.340999999999999,31,73049.3,80.50399999999999,1,0,5,1,1,North America,2
199,7.705,27,66624.6,76.45599999999999,0,0,3,1,0,Asia,5
200,6.640000000000001,40,77567.85,85.768,0,0,6,6,1,North America,2
201,6.935,29,53431.35,101.108,1,0,5,2,1,South America,5
202,3.565,40,31265.75,69.03200000000001,1,1,1,5,0,Asia,5
203,7.004,31,74780.74,73.53999999999999,1,0,6,3,1,Asia,4
204,6.978,29,70410.11,87.51599999999999,0,0,1,5,0,Asia,4
205,5.822,29,37345.24,48.36,0,1,3,2,0,Africa,4
206,7.69,28,66107.84,85.068,0,0,4,4,0,Europe,3
207,8.408,30,62336.39,74.944,1,0,2,1,0,Oceania,5
208,5.951,58,39132.64,56.33200000000001,0,1,3,6,0,Oceania,1
209,4.015,38,38745.29,53.952,1,1,0,6,0,Africa,5
210,7.681,28,65172.22,87.14,1,0,6,7,1,Oceania,2
211,4.189,38,68519.96,65.352,0,1,2,2,0,Europe,0
212,7.687,27,54774.77,94.14,1,0,6,5,1,Asia,3
213,6.728,43,76246.96,62.32000000000001,1,1,6,4,1,Asia,0
214,8.198,40,65461.92,91.688,0,0,4,4,0,Africa,3
215,6.601000000000001,23,34127.21,60.78,0,1,1,6,0,Oceania,3
216,6.157,53,35253.98,50.376,1,1,0,3,0,Europe,2
217,5.33,34,44893.71,44.776,0,1,4,5,0,Africa,5
218,3.487,40,59621.02,80.092,0,1,6,6,1,Europe,1
219,4.36,38,20856.54,68.196,0,1,0,1,0,South America,2
220,7.787999999999999,37,55353.41,101.828,0,0,5,7,1,Europe,4
221,7.583,27,67516.07,80.236,0,0,4,3,0,Europe,5
222,4.995,39,68737.75,54.636,0,1,3,3,0,Asia,5
223,6.093999999999999,41,76893.84,61.988,0,1,6,2,1,Europe,3
224,8.915000000000001,42,59886.58,68.428,0,0,0,4,0,Oceania,2
225,7.87,30,53441.69,53.596,0,1,2,2,0,Asia,0
226,5.735,29,41356.31,47.936,0,1,5,4,1,Asia,3
227,3.486,38,49942.66,61.9,0,1,5,6,1,Asia,3
228,7.0680000000000005,31,74430.08,79.632,0,0,6,7,1,South America,1
229,7.606,23,58633.63,80.416,0,0,2,4,0,Asia,1
230,6.667,33,72707.87,91.212,1,0,3,4,0,Asia,2
231,4.6770000000000005,32,31092.93,54.56,1,1,2,3,0,Europe,1
232,6.242,38,74445.18,57.576,0,1,1,7,0,North America,3
233,7.831999999999999,28,49309.14,95.808,0,1,6,6,1,Oceania,1
234,3.732,50,56735.14,79.7,1,1,2,3,0,Africa,1
235,4.042,45,40183.75,53.56,1,1,2,3,0,Europe,2
236,7.677,36,58348.41,49.404,0,1,2,5,0,Others,4
237,6.565,30,72209.99,63.220000000000006,0,0,5,7,1,Europe,3
238,7.431999999999999,33,62060.11,51.268,0,1,0,5,0,Africa,1
239,7.327,32,67113.46,93.9,1,0,4,1,0,Others,5
240,8.003,44,24030.06,60.336,0,1,5,7,1,Asia,2
241,5.368,47,56180.93,46.104,1,1,1,2,0,Oceania,0
242,8.584,32,62204.93,77.14,1,0,3,6,0,Oceania,1
243,8.503,30,60372.64,81.808,0,0,6,6,1,Asia,2
244,7.044,24,65280.16,71.5,1,0,0,6,0,Africa,1
245,8.122,53,34309.24,89.236,1,0,3,1,0,Europe,1
246,3.996,45,59610.81,58.452,1,1,4,4,0,Others,0
247,5.705,41,50278.89,107.984,1,1,5,1,1,Africa,5
248,4.244,56,43450.11,67.308,0,1,2,2,0,Asia,5
249,6.220000000000001,25,25408.21,64.464,0,1,6,4,1,Europe,2
250,7.67,36,71136.49,88.9,0,0,6,6,1,South America,1
251,6.122,45,63883.81,47.612,1,1,1,1,0,Europe,1
252,8.454,33,64902.47,81.608,1,0,2,3,0,Europe,5
253,4.608,30,66784.81,65.852,1,1,3,7,0,Europe,1
254,5.67,48,62784.85,49.252,0,1,5,1,1,Europe,4
255,8.103,28,63727.5,80.46000000000001,0,0,2,1,0,South America,5
256,8.091,32,61608.23,92.568,0,0,6,1,1,North America,5
257,4.006,38,56782.18,55.472,1,1,5,6,1,South America,0
258,8.347,39,64447.77,90.444,0,0,6,5,1,Asia,0
259,7.384,31,42042.95,48.42,0,1,5,6,1,Europe,3
260,7.465000000000001,28,67669.06,85.024,0,0,3,3,0,Oceania,5
261,6.025,35,54875.95,43.908,0,1,2,6,0,Oceania,3
262,5.921,35,73347.67,57.848,1,1,1,2,0,Europe,0
263,4.3020000000000005,44,50199.77,50.088,0,1,2,4,0,Asia,1
264,8.404,38,50723.67,97.82,0,0,2,7,0,Asia,4
265,7.066,43,63450.96,48.38,1,1,4,2,0,Africa,5
266,7.058,26,56694.12,54.776,0,1,4,2,0,Africa,4
267,7.244,34,70547.16,92.056,0,0,4,4,0,Oceania,3
268,4.017,26,47391.95,68.524,1,1,0,2,0,Asia,5
269,7.915000000000001,26,62312.23,81.292,0,0,2,1,0,Europe,4
270,4.449,53,63100.13,67.2,1,1,5,4,1,Africa,1
271,7.304,37,73687.5,88.716,1,0,6,6,1,Africa,3
272,7.628,33,52686.47,101.736,0,0,0,2,0,Others,1
273,6.888,37,78119.5,71.83200000000001,0,0,1,2,0,Europe,2
274,7.31,28,57014.84,96.948,0,0,0,1,0,Asia,4
275,4.766,29,27086.4,62.616,0,1,0,7,0,North America,0
276,8.73,35,58337.18,86.748,0,0,5,1,1,Europe,1
277,8.934000000000001,32,50216.01,71.112,1,0,0,3,0,South America,3
278,8.137,26,53049.44,62.592,1,0,0,2,0,Asia,0
279,8.167,28,62927.96,78.704,1,0,4,3,0,Africa,5
280,4.637,52,32847.53,57.708000000000006,0,1,1,1,0,Others,2
281,5.488,24,32006.82,59.444,0,1,6,5,1,North America,1
282,4.067,35,48913.07,53.272000000000006,0,1,3,5,0,Asia,4
283,7.176,35,69285.69,94.956,0,0,3,5,0,North America,3
284,4.751,51,53700.57,52.164,1,1,5,5,1,North America,2
285,7.515000000000001,22,52011.0,85.148,1,0,2,5,0,Europe,2
286,5.601,26,46339.25,50.904,0,1,1,7,0,Oceania,1
287,8.287,37,67938.77,85.34400000000001,0,0,1,6,0,Oceania,2
288,4.505,42,66348.95,56.544,0,1,3,5,0,Oceania,2
289,6.053,24,66873.9,66.888,0,1,4,3,0,Europe,3
290,5.0520000000000005,31,72270.88,68.648,0,1,5,1,1,Oceania,3
291,8.471,32,61610.05,84.092,0,0,6,5,1,Asia,3
292,5.5200000000000005,39,76560.59,63.784000000000006,1,1,0,5,0,North America,3
293,8.161,33,62667.51,91.504,0,0,6,4,1,Africa,5
294,7.154999999999999,36,75687.46,65.596,1,0,2,7,0,South America,1
295,8.24,36,66744.65,87.588,1,0,2,6,0,Europe,5
296,7.395,35,67714.82,95.432,0,0,6,4,1,Oceania,3
297,7.206999999999999,31,69710.51,90.58,0,0,5,4,1,South America,4
298,8.039,31,66269.49,85.896,0,0,1,5,0,Africa,1
299,6.58,25,60843.32,92.596,1,0,4,3,0,Africa,1
300,6.997,28,55041.6,100.0,0,0,6,5,1,Europe,3
301,5.262,50,73863.25,70.608,0,1,0,2,0,Africa,5
302,3.925,39,62378.05,60.944,0,1,5,1,1,Others,0
303,7.756,38,63336.85,52.33200000000001,1,1,3,5,0,Africa,1
304,3.3520000000000003,43,42191.61,66.224,0,1,0,5,0,Asia,1
305,7.981,24,56194.56,71.53999999999999,1,1,1,5,0,North America,3
306,8.479000000000001,33,61771.9,85.812,0,0,2,3,0,Africa,4
307,8.27,35,61383.79,92.428,0,0,5,1,1,Africa,3
308,8.488,32,63924.82,74.592,0,0,0,4,0,Asia,3
309,5.492,54,23975.35,64.464,0,1,0,6,0,North America,3
310,7.656000000000001,34,70179.11,88.612,1,0,5,4,1,North America,1
311,6.973999999999999,49,66524.8,97.348,0,0,6,3,1,Europe,0
312,7.555,22,41851.38,67.76,0,1,4,2,0,Asia,4
313,7.218999999999999,33,61275.18,100.14,1,0,3,5,0,North America,2
314,8.429,41,60638.38,93.016,0,0,2,1,0,Others,2
315,7.389,39,47160.53,44.272000000000006,0,1,2,4,0,Europe,2
316,7.584,21,48537.18,74.792,0,0,6,2,1,Europe,5
317,7.337999999999999,25,53058.91,94.476,1,0,3,4,0,Oceania,0
318,8.072,31,68614.98,74.548,0,0,1,4,0,North America,2
319,6.206,44,44174.25,42.0,0,1,1,4,0,Europe,3
320,5.15,34,67050.16,54.124,0,1,1,3,0,Africa,5
321,9.097,37,54520.14,72.308,0,0,1,2,0,Africa,1
322,8.678,30,54952.42,68.05199999999999,1,0,3,2,0,North America,3
323,6.618,35,69476.42,97.444,0,0,4,3,0,Oceania,4
324,8.433,41,54989.93,96.38,0,0,2,3,0,North America,4
325,3.687,36,29398.61,78.364,0,1,3,1,0,Others,4
326,3.478,48,42861.42,83.284,1,1,3,3,0,Africa,4
327,7.684,32,65883.39,92.636,0,0,3,3,0,Asia,0
328,6.705,25,65421.39,88.368,0,0,4,2,0,Europe,5
329,4.147,31,60953.93,87.916,0,1,2,7,0,Others,1
330,8.071,26,58476.57,80.232,0,0,4,6,0,Africa,2
331,8.009,31,66636.84,85.632,0,0,0,5,0,Europe,3
332,5.63,49,67430.96,54.096,1,1,2,2,0,Oceania,1
333,7.936,34,57260.41,98.312,1,0,3,4,0,Europe,0
334,8.638,40,66359.32,75.308,1,0,5,3,1,Asia,2
335,3.894,41,57587.0,57.068,1,1,4,7,0,Others,0
336,8.726,35,63060.55,73.612,0,0,3,5,0,Europe,3
337,7.531999999999999,28,59998.5,93.44,1,0,4,1,0,Africa,4
338,7.438,40,74024.61,88.02000000000001,1,0,6,3,1,Asia,1
339,6.590000000000001,22,60550.66,84.556,0,0,5,7,1,Europe,5
340,3.631,47,57983.3,67.568,0,1,0,4,0,Africa,2
341,7.223000000000001,48,52736.33,46.14,0,1,6,7,1,North America,4
342,8.812000000000001,38,46653.75,92.364,0,0,2,2,0,Europe,5
343,8.397,28,56986.73,82.2,1,0,3,6,0,North America,5
344,6.109,26,55336.18,52.672,1,1,5,4,1,Others,2
345,6.577,21,42162.9,87.444,1,0,4,3,0,Africa,3
346,8.158,25,39699.13,79.756,0,0,2,5,0,Asia,2
347,3.787,52,56394.82,75.424,1,1,2,5,0,Africa,3
348,7.62,37,75044.35,71.404,0,0,0,2,0,North America,3
349,6.090999999999999,19,53309.61,73.976,0,1,3,6,0,Oceania,4
350,7.449,28,58996.12,94.936,0,0,5,1,1,South America,4
351,7.370999999999999,23,56605.12,84.55199999999999,1,0,0,2,0,North America,1
352,7.819,30,62475.99,91.524,0,0,6,1,1,Africa,4
353,7.954000000000001,44,70492.6,87.072,1,0,1,1,0,Asia,4
354,7.487,52,43698.53,50.788,0,1,1,5,0,Oceania,4
355,8.709,36,57737.51,88.792,1,0,3,4,0,Others,1
356,3.745,47,31281.01,67.144,0,1,6,4,1,North America,2
357,4.984,39,45800.48,44.636,0,1,1,2,0,Oceania,1
358,5.138,59,42362.49,63.424,0,1,4,6,0,Asia,0
359,8.34,34,66691.23,83.148,0,0,6,5,1,Asia,1
360,3.891,33,56369.74,60.32000000000001,1,1,2,7,0,Asia,5
361,6.214,41,59397.89,44.372,1,1,5,1,1,Africa,1
362,7.971999999999999,28,66025.11,77.52000000000001,1,0,4,5,0,Europe,2
363,7.33,36,68211.35,54.288,1,1,5,1,1,Europe,2
364,6.911,42,73608.99,92.592,1,0,3,4,0,Others,5
365,7.19,54,61228.96,56.06,1,1,4,4,0,Europe,2
366,7.245,29,72325.91,78.144,1,0,0,1,0,Oceania,2
367,7.706999999999999,40,44559.43,104.408,0,0,1,3,0,Asia,5
368,7.462000000000001,36,73207.15,87.116,0,0,0,4,0,Africa,4
369,8.206999999999999,25,46722.07,82.152,1,0,0,6,0,North America,0
370,5.86,50,45400.5,45.48,0,1,3,1,0,Oceania,3
371,3.608,45,41417.27,60.588,1,1,6,7,1,North America,4
372,7.944,26,60845.55,82.716,0,0,6,5,1,Europe,4
373,4.173,47,60812.77,57.884,0,1,4,4,0,Africa,4
374,7.319,25,64267.88,81.49600000000001,1,0,1,1,0,Asia,0
375,7.76,24,58151.87,78.932,1,0,3,5,0,Others,5
376,8.9,37,52079.18,88.904,1,0,1,1,0,Europe,0
377,6.92,42,26023.99,49.52,0,1,4,6,0,South America,1
378,6.756,31,62318.38,50.18,0,1,0,4,0,Africa,2
379,8.111,39,56216.57,99.276,1,0,2,7,0,Africa,5
380,8.022,30,61806.31,89.83200000000001,0,0,1,7,0,Asia,4
381,4.363,41,51662.24,49.3,1,1,1,3,0,Europe,2
382,7.766,29,67080.94,67.26,0,0,6,6,1,Africa,0
383,7.462999999999999,26,51975.41,94.396,1,0,1,7,0,North America,4
384,4.9670000000000005,27,28019.09,61.476,0,1,0,5,0,Africa,5
385,8.059000000000001,37,67744.56,89.692,0,0,3,7,0,Europe,3
386,8.349,33,66574.0,76.3,1,0,4,6,0,Asia,1
387,4.446,42,30487.48,53.064,1,1,4,1,0,Asia,2
388,6.81,40,74903.41,91.092,1,0,4,2,0,North America,0
389,6.388,38,19991.72,54.74,0,1,0,2,0,Africa,4
390,7.883,36,66050.63,93.856,1,0,6,5,1,Asia,0
391,7.997,44,70449.04,86.4,0,0,2,7,0,Asia,0
392,8.051,28,64008.55,80.112,1,0,4,1,0,Asia,1
393,6.226,26,70203.74,81.108,0,0,2,6,0,Others,5
394,6.699,47,27262.51,49.776,1,1,2,6,0,Africa,0
395,7.105,20,49544.41,81.688,1,0,0,6,0,Africa,4
396,4.205,51,28357.27,69.82000000000001,1,1,0,6,0,North America,1
397,5.0520000000000005,28,66929.03,87.876,0,1,6,4,1,North America,4
398,7.624,40,75524.78,79.328,1,0,1,5,0,Africa,5
399,7.729000000000001,27,66265.34,80.49600000000001,1,0,0,2,0,Oceania,4
400,3.598,47,55993.68,66.208,1,1,3,3,0,North America,4
401,8.495000000000001,34,56379.3,92.144,0,0,4,2,0,Africa,3
402,3.934,43,31215.88,59.572,0,1,6,4,1,Asia,0
403,8.723,29,51015.11,80.848,0,0,5,3,1,North America,3
404,5.724,52,46473.14,46.94,1,1,2,6,0,Europe,0
405,8.158,41,55479.62,99.264,0,0,2,1,0,Europe,0
406,5.634,50,68713.7,55.608,1,1,3,3,0,Others,5
407,4.872999999999999,27,34191.23,56.816,0,1,5,7,1,Asia,0
408,5.168,49,51067.54,103.448,0,1,1,6,0,Others,5
409,3.5340000000000003,45,46693.76,61.144000000000005,0,1,5,6,1,Asia,3
410,4.809,33,19345.36,72.16799999999999,0,1,5,5,1,Oceania,3
411,7.868,29,66225.72,83.22,0,0,5,1,1,Asia,2
412,6.882,20,38609.2,82.256,1,0,0,7,0,South America,4
413,5.699,40,37713.23,43.260000000000005,0,1,5,7,1,North America,5
414,8.663,39,63764.28,83.856,1,0,2,4,0,North America,5
415,4.118,43,41866.55,51.7,1,1,1,7,0,Asia,5
416,7.103,32,57846.68,48.34,0,1,2,2,0,Others,3
417,7.292,29,69428.73,86.84,1,0,1,3,0,Europe,5
418,7.714,24,60283.98,73.952,1,0,3,1,0,Europe,2
419,6.07,43,79332.33,77.03999999999999,1,0,0,6,0,Oceania,4
420,3.43,41,53167.68,64.296,1,1,0,5,0,Africa,2
421,8.370999999999999,45,64564.07,88.192,1,0,6,4,1,Asia,3
422,5.338,35,60803.37,48.024,1,1,2,3,0,Others,2
423,5.803,31,28387.42,51.732000000000006,0,1,2,6,0,Oceania,2
424,4.359,36,58849.77,52.924,1,1,3,5,0,Africa,3
425,6.007,42,65963.37,48.3,1,1,4,4,0,Europe,3
426,5.443,37,75180.2,61.896,1,1,1,5,0,Europe,3
427,8.199,33,61270.14,92.36,0,0,0,2,0,Oceania,5
428,6.053,29,56759.48,49.312,0,1,0,5,0,Oceania,4
429,8.469,31,46160.63,92.74,1,0,3,7,0,Asia,1
430,8.872,32,43870.51,84.748,1,0,6,1,1,Africa,1
431,8.889,35,50439.49,87.52000000000001,1,0,6,7,1,Oceania,4
432,6.958,43,28028.74,102.028,0,1,0,4,0,Africa,2
433,8.523,36,64238.71,85.16799999999999,1,0,5,2,1,Africa,4
434,8.355,39,65816.38,88.47200000000001,1,0,2,6,0,Asia,2
435,5.666,42,72684.44,55.768,0,1,5,2,1,North America,4
436,5.639,27,38817.4,99.248,1,0,2,3,0,Asia,2
437,7.624,27,63976.44,85.768,0,0,1,6,0,North America,5
438,5.764,36,37212.54,44.1,1,1,0,1,0,South America,5
439,7.818,23,52691.79,67.068,0,0,3,6,0,South America,0
440,4.604,32,65499.93,59.16799999999999,0,1,0,5,0,Europe,1
441,7.94,35,63966.72,94.748,0,0,4,4,0,Asia,5
442,3.644,39,52400.88,59.056,1,1,1,5,0,Europe,1
443,5.314,38,49111.47,43.6,1,1,6,7,1,Europe,5
444,3.2840000000000003,40,41232.89,68.688,0,1,3,3,0,North America,1
445,7.372,32,52140.04,102.56,1,0,4,3,0,Asia,4
446,3.81,34,60641.09,85.752,1,1,0,5,0,Asia,0
447,7.393000000000001,44,74180.05,87.288,0,0,5,2,1,Others,0
448,5.186999999999999,50,51869.87,47.86,0,1,3,3,0,Asia,5
449,7.769,22,48852.58,67.952,1,0,1,6,0,Africa,3
450,4.340999999999999,28,59144.02,64.292,0,1,4,2,0,Africa,3
451,5.5920000000000005,24,33951.63,58.032,0,1,1,5,0,Oceania,3
452,8.067,34,58909.36,95.904,0,0,4,1,0,Europe,1
453,8.342,25,49850.52,73.368,1,0,4,3,0,Europe,5
454,8.212,52,28679.93,80.46000000000001,1,1,2,2,0,Europe,1
455,6.617,33,69869.66,95.38,0,0,2,1,0,North America,2
456,4.301,35,48347.64,50.948,0,1,5,6,1,North America,0
457,8.004999999999999,25,45959.86,87.976,1,0,1,3,0,Oceania,2
458,6.488,42,70005.51,51.92,1,1,6,2,1,Africa,3
459,7.981999999999999,26,51512.66,89.312,1,0,6,7,1,Oceania,3
460,4.803,40,25598.75,53.84,1,1,3,6,0,Europe,1
461,3.2990000000000004,45,49282.87,70.98400000000001,0,1,5,4,1,South America,5
462,7.487999999999999,27,67240.25,70.068,1,0,6,4,1,Africa,0
463,3.649,52,42136.33,78.644,1,1,2,3,0,Asia,5
464,8.804,45,62589.84,76.46799999999999,1,0,0,3,0,North America,0
465,4.57,33,67384.31,60.448,1,1,3,5,0,Europe,4
466,8.238,35,25603.93,63.84,0,1,0,7,0,Europe,5
467,5.268,23,39616.0,59.67999999999999,1,1,5,7,1,Others,1
468,6.559,47,28265.81,48.724,0,1,1,3,0,Asia,0
469,6.565,25,63879.72,89.96799999999999,1,0,4,6,0,Oceania,4
470,4.384,36,70592.81,66.96799999999999,0,1,1,6,0,Oceania,4
471,6.769,37,76408.19,86.628,0,0,0,7,0,Europe,2
472,7.837000000000001,24,55015.08,82.908,0,0,5,1,1,Asia,2
473,8.145999999999999,29,51636.12,92.616,0,0,0,2,0,Europe,2
474,4.747999999999999,31,29359.2,56.536,0,1,3,6,0,Africa,5
475,7.515000000000001,33,71296.67,87.796,1,0,6,6,1,Europe,2
476,7.876,24,46422.76,87.99199999999999,1,0,4,1,0,Europe,0
477,4.496,50,52802.0,53.084,1,1,5,1,1,Oceania,1
478,3.956,41,59243.46,57.252,1,1,4,5,0,Africa,4
479,3.976,28,35350.55,78.732,1,1,0,2,0,Africa,3
480,5.711,22,59677.64,82.868,1,0,1,6,0,North America,4
481,8.326,40,70225.6,75.104,1,0,5,1,1,Oceania,2
482,6.942,25,65791.17,85.352,0,0,5,2,1,Asia,0
483,5.0600000000000005,30,34191.13,51.952,1,1,1,5,0,North America,2
484,4.62,37,51315.38,47.72,0,1,6,4,1,Europe,5
485,6.688,35,62790.96,47.788,1,1,2,3,0,Asia,1
486,8.397,40,66291.67,63.368,1,0,1,2,0,Europe,2
487,7.656000000000001,30,68030.18,85.5,0,0,1,3,0,Asia,0
488,3.5490000000000004,48,43974.49,63.908,0,1,4,4,0,North America,1
489,8.029,31,49457.48,97.948,1,0,3,6,0,Others,3
490,5.019,40,33987.27,46.92,0,1,4,3,0,Asia,2
491,5.912,33,28210.03,49.816,0,1,3,5,0,Europe,2
492,5.988,30,75535.14,77.452,1,0,2,3,0,Oceania,5
493,5.970000000000001,28,49158.5,48.1,0,1,1,5,0,Others,2
494,6.779999999999999,30,39809.69,47.1,1,1,3,3,0,North America,1
495,8.159,35,65826.53,89.264,0,0,0,7,0,Europe,2
496,8.11,29,61172.07,86.596,1,0,4,7,0,North America,3
497,4.17,39,42898.21,50.78,0,1,4,5,0,Asia,5
498,7.394,27,68333.01,69.396,0,0,2,2,0,Asia,0
499,5.835,37,70232.95,53.052,0,1,6,6,1,Asia,4
500,5.156000000000001,46,63102.19,49.94,0,1,3,1,0,Oceania,4
501,7.981,37,51847.26,101.268,0,0,4,5,0,Others,2
502,6.617,26,63580.22,91.48,0,0,0,5,0,North America,0
503,5.821,37,47575.44,42.376,0,1,6,2,1,Africa,2
504,6.612,49,39031.89,45.52,0,1,0,2,0,Africa,4
505,8.047,42,70505.06,86.072,1,0,6,2,1,Africa,1
506,7.705,31,62161.26,94.656,0,0,6,3,1,North America,4
507,4.9990000000000006,41,61068.26,48.428,0,1,3,3,0,Europe,5
508,8.03,58,49090.51,69.372,0,1,0,4,0,North America,0
509,7.936,33,62330.75,93.888,1,0,5,1,1,Africa,2
510,5.786,30,18819.34,66.744,0,1,4,7,0,Africa,2
511,7.029000000000001,26,62053.37,92.548,1,0,0,3,0,North America,1
512,8.453,33,61922.06,86.072,1,0,0,7,0,Oceania,4
513,5.913,44,49525.37,42.416,1,1,3,6,0,Asia,4
514,8.151,41,53412.32,100.012,0,0,3,5,0,Africa,0
515,4.294,37,56681.65,52.16,1,1,1,4,0,Europe,5
516,8.481,32,43299.63,93.572,1,0,0,7,0,Europe,4
517,8.279,34,47997.75,52.83200000000001,0,1,0,2,0,North America,2
518,5.922,55,39131.53,50.556,1,1,2,1,0,North America,0
519,3.5,40,46033.73,60.5,1,1,5,6,1,Asia,1
520,4.661,42,65856.74,54.472,0,1,4,1,0,Africa,1
521,6.326,29,54787.37,48.184,1,1,2,3,0,Africa,1
522,7.915999999999999,32,69562.46,81.16,1,0,2,3,0,Asia,0
523,6.794,43,68447.17,51.264,0,1,6,5,1,Africa,4
524,7.991,32,62772.42,92.072,1,0,4,6,0,Asia,2
525,6.614,41,78092.95,66.108,0,0,2,3,0,Africa,5
526,4.365,39,63649.04,55.548,0,1,6,5,1,Africa,0
527,5.961,21,60637.62,79.38,1,0,2,4,0,Asia,0
528,4.661,52,27241.11,62.79600000000001,0,1,1,4,0,Oceania,2
529,8.937000000000001,34,42760.22,64.812,1,0,5,4,1,Oceania,0
530,6.51,49,59457.52,47.24,1,1,2,6,0,Europe,1
531,5.343999999999999,42,42907.89,43.268,1,1,0,4,0,Africa,1
532,7.953,51,46132.18,97.964,0,0,6,6,1,North America,1
533,9.143,39,46964.11,83.964,1,0,3,7,0,Oceania,3
534,7.356999999999999,30,70377.23,84.952,0,0,6,3,1,South America,0
535,7.876,32,70012.83,83.208,1,0,2,4,0,South America,1
536,7.648999999999999,23,56457.01,72.444,0,0,4,3,0,South America,4
537,6.172,26,67279.06,87.396,0,0,6,2,1,South America,4
538,8.453,35,54773.99,94.516,0,0,5,3,1,Asia,3
539,7.203,34,70783.94,92.38,1,0,1,7,0,Europe,5
540,7.747,36,70510.59,89.164,1,0,0,3,0,North America,0
541,7.565,39,64021.55,99.16,1,0,0,5,0,Asia,3
542,7.815,33,72042.85,77.748,0,0,0,3,0,Africa,2
543,6.38,38,36037.33,43.48,1,1,5,3,1,Oceania,3
544,7.659000000000001,29,67526.92,84.65599999999999,0,0,5,6,1,Asia,5
545,4.26,55,55121.65,67.316,0,1,0,7,0,Asia,0
546,7.877,28,63497.62,84.732,0,0,4,1,0,North America,4
547,8.34,39,60879.48,94.004,0,0,3,4,0,Africa,5
548,7.953,33,61467.33,94.688,0,0,6,2,1,Asia,2
549,7.389,35,70495.64,91.996,1,0,6,6,1,Africa,4
550,7.58,36,71222.4,89.96000000000001,0,0,3,1,0,North America,4
551,8.195,31,64698.58,83.50399999999999,1,0,6,5,1,Europe,5
552,5.639,58,32252.38,61.69199999999999,0,1,6,2,1,Oceania,3
553,4.473,35,55316.97,51.024,1,1,2,1,0,North America,0
554,3.835,33,47447.89,58.19199999999999,1,1,3,6,0,Oceania,2
555,7.253,37,73474.82,89.572,0,0,3,7,0,Oceania,5
556,5.62,49,53549.94,45.94,1,1,3,4,0,North America,2
557,7.967,28,58576.12,90.716,0,0,2,7,0,Africa,0
558,7.542,26,63373.7,65.7,1,0,4,2,0,Africa,0
559,7.864,31,60283.47,94.112,1,0,5,1,1,North America,4
560,6.769,44,37345.34,43.688,0,1,4,4,0,North America,0
561,3.835,41,34886.01,57.876,1,1,4,6,0,Oceania,5
562,5.952,44,67511.86,100.432,1,0,4,5,0,South America,2
563,6.226,37,77988.71,66.476,0,0,3,5,0,Africa,3
564,6.475,36,63001.03,47.064,0,1,2,4,0,South America,2
565,7.997,26,61747.98,74.17999999999999,1,0,4,1,0,Asia,2
566,4.79,42,48467.68,45.812,0,1,2,2,0,Europe,2
567,8.038,30,55130.96,95.224,0,0,3,3,0,Europe,3
568,6.4510000000000005,42,79484.8,76.284,1,0,4,4,0,Africa,0
569,7.128,37,67307.43,98.688,1,0,6,4,1,South America,5
570,5.032,40,27964.6,50.260000000000005,0,1,2,4,0,Asia,5
571,7.276000000000001,33,66431.87,96.252,1,0,1,5,0,Asia,3
572,7.279999999999999,35,63551.67,99.816,0,0,6,1,1,North America,4
573,7.459,23,40135.06,63.34,1,1,0,2,0,Others,2
574,4.666,45,49101.67,47.264,0,1,2,3,0,North America,4
575,4.886,54,53188.69,53.784000000000006,0,1,5,1,1,Others,4
576,3.705,39,49742.83,57.124,1,1,2,2,0,North America,5
577,8.120999999999999,36,63394.41,93.216,0,0,5,1,1,Asia,0
578,6.689,23,64433.99,83.296,1,0,0,1,0,North America,1
579,6.811,38,73884.48,92.484,0,0,3,1,0,Africa,2
580,6.915000000000001,46,36424.94,45.088,0,1,6,7,1,Europe,4
581,6.572,36,28275.48,48.048,0,1,5,2,1,North America,2
582,4.004,27,48098.86,64.632,0,1,6,5,1,Europe,2
583,6.859999999999999,33,68448.94,54.032,0,1,2,2,0,Asia,1
584,5.616,25,66429.84,65.7,1,1,4,1,0,Africa,3
585,7.859999999999999,46,41768.13,101.836,1,0,2,7,0,Oceania,5
586,7.829000000000001,38,57844.96,100.828,0,0,1,1,0,Africa,4
587,4.383,45,35684.82,51.604,0,1,4,1,0,Asia,2
588,7.731,32,62792.43,95.24,0,0,4,6,0,Asia,3
589,3.986,28,51171.23,64.49600000000001,0,1,1,2,0,Africa,2
590,6.677,25,58847.07,56.452,0,1,5,7,1,Asia,2
591,5.720000000000001,42,57739.03,44.264,0,1,5,3,1,Oceania,3
592,7.315,25,64631.22,84.44800000000001,1,0,4,1,0,Africa,5
593,8.206999999999999,24,50337.93,77.588,0,0,1,6,0,Asia,1
594,4.984,38,67781.31,54.096,1,1,2,5,0,Asia,1
595,4.397,36,68863.95,62.788,1,1,5,1,1,Asia,4
596,7.725,27,55901.12,92.552,1,0,0,4,0,North America,3
597,7.484,37,64775.1,98.576,1,0,3,1,0,Asia,4
598,8.353,36,67686.16,81.824,0,0,2,7,0,North America,1
599,3.863,48,57777.11,88.84400000000001,0,1,3,4,0,Oceania,4
600,8.4,48,46868.53,54.484,1,1,6,4,1,Asia,1
601,5.213,50,40926.93,47.308,1,1,3,1,0,Africa,2
602,7.183,40,22205.74,54.19199999999999,1,1,3,2,0,Africa,5
603,7.836,24,58920.44,78.708,1,0,4,6,0,Asia,4
604,5.018,35,63006.14,51.128,1,1,0,6,0,North America,1
605,6.4670000000000005,51,24316.61,55.34,1,1,6,2,1,Africa,0
606,6.95,26,68348.99,81.536,0,0,5,2,1,Asia,2
607,6.522,30,66263.37,96.036,1,0,5,5,1,Others,1
608,6.206,40,63493.6,46.508,1,1,2,3,0,Others,2
609,8.429,30,56984.09,64.132,1,1,6,6,1,North America,5
610,3.2909999999999995,37,51691.55,72.408,0,1,6,7,1,Africa,0
611,3.95,31,49911.25,59.276,1,1,3,1,0,Oceania,1
612,7.519,31,33502.57,98.304,1,0,3,6,0,Asia,2
613,7.620999999999999,31,65834.97,91.576,1,0,6,6,1,South America,5
614,6.776000000000001,31,66176.97,97.036,0,0,1,5,0,Africa,1
615,4.001,53,51463.17,64.708,0,1,1,3,0,South America,1
616,5.2700000000000005,41,41059.64,43.736,1,1,6,1,1,Africa,2
617,6.840999999999999,38,61428.18,103.904,0,0,5,4,1,Africa,4
618,3.555,39,51593.46,60.472,0,1,2,1,0,Oceania,1
619,7.454000000000001,24,57518.73,87.9,0,0,2,3,0,North America,0
620,8.175,24,52656.13,76.03200000000001,1,0,4,4,0,Others,5
621,8.785,31,52178.98,84.108,1,0,1,6,0,Oceania,0
622,6.023,60,46239.14,60.616,1,1,4,7,0,Asia,5
623,8.797,35,48918.55,59.7,1,0,3,3,0,Europe,1
624,7.817,27,65227.79,76.908,1,0,1,4,0,Africa,4
625,6.791,23,55002.05,58.720000000000006,1,1,1,1,0,Europe,4
626,8.577,27,52261.73,76.712,1,0,5,4,1,Africa,5
627,4.116,49,59448.44,60.33200000000001,1,1,0,3,0,South America,3
628,5.354,39,47314.45,43.212,0,1,3,6,0,Oceania,3
629,7.394,26,55411.06,94.46,1,0,6,1,1,North America,4
630,6.343,29,66504.16,94.7,1,0,4,4,0,South America,1
631,8.459,36,47169.14,96.72,1,0,1,4,0,Europe,0
632,7.013,31,70889.68,89.99199999999999,0,0,0,5,0,Europe,0
633,4.019,37,55358.88,54.79600000000001,0,1,0,1,0,Europe,1
634,5.8950000000000005,55,56242.7,52.516,1,1,0,6,0,Europe,1
635,3.576,51,45522.44,78.02799999999999,0,1,0,7,0,South America,5
636,5.936,49,46931.03,44.336,0,1,4,7,0,Europe,4
637,9.11,40,55499.69,79.252,1,0,0,3,0,South America,3
638,6.104,41,75805.12,59.684000000000005,0,1,0,5,0,Africa,4
639,7.406000000000001,23,40345.49,90.396,0,0,5,7,1,Oceania,0
640,6.462999999999999,45,15598.29,63.52,1,1,6,6,1,Asia,1
641,8.129000000000001,28,33239.2,87.888,0,0,0,2,0,Asia,1
642,7.606999999999999,36,68033.54,94.224,0,0,5,1,1,Europe,5
643,7.592,22,38427.66,73.06,0,0,4,2,0,Europe,3
644,7.834999999999999,46,53185.34,101.392,0,0,0,1,0,South America,4
645,4.614,28,39723.97,55.188,1,1,0,4,0,Africa,2
646,4.433,41,43386.07,48.252,0,1,3,1,0,South America,2
647,4.643,28,53922.43,54.88,1,1,0,4,0,Africa,5
648,6.604000000000001,27,71881.84,79.904,0,0,5,3,1,Africa,4
649,8.431000000000001,29,47139.21,90.348,0,0,2,1,0,Africa,5
650,8.366,38,68877.02,70.056,0,0,3,2,0,Middle East,5
651,8.125,33,65186.58,88.94,1,0,5,4,1,Oceania,5
652,8.526,32,55424.24,89.628,1,0,2,2,0,Others,5
653,8.653,46,46500.11,93.344,0,0,2,6,0,Europe,1
654,7.644,26,58820.16,89.67999999999999,1,0,1,1,0,Africa,5
655,5.284000000000001,43,28495.21,48.924,0,1,5,7,1,Africa,4
656,8.524,31,61840.26,73.136,1,0,4,6,0,Africa,3
657,7.470999999999999,46,37908.29,103.224,1,0,0,6,0,Europe,2
658,8.295,39,69805.7,80.51599999999999,0,0,1,4,0,Asia,5
659,7.642,26,60315.19,89.264,1,0,6,4,1,Others,2
660,4.204,49,67323.0,72.84400000000001,0,1,2,2,0,Asia,3
661,4.628,26,50055.33,91.512,1,1,0,4,0,Europe,4
662,4.826,50,43573.66,48.98,1,1,5,6,1,Europe,4
663,7.103,55,28186.65,60.30800000000001,0,1,5,3,1,Asia,3
664,8.137,33,66412.04,86.01599999999999,0,0,4,1,0,Asia,5
665,5.805,32,15879.1,78.216,1,1,4,2,0,Asia,2
666,7.5,29,63965.16,92.144,1,0,1,2,0,Africa,3
667,7.961,31,58342.63,94.388,0,0,0,4,0,Europe,1
668,5.256,31,33147.19,100.144,1,1,6,4,1,Asia,0
669,6.218,33,65899.68,50.576,0,1,4,5,0,Europe,0
670,7.789,26,64188.5,80.616,0,0,6,5,1,Asia,2
671,6.608,61,58966.22,73.692,1,1,3,1,0,North America,5
672,8.921,33,44078.24,84.212,0,0,1,7,0,Others,3
673,4.996,55,60968.62,60.776,1,1,0,4,0,Africa,1
674,7.744,28,65620.25,84.15599999999999,0,0,4,6,0,Africa,0
675,8.258,38,65496.78,90.092,1,0,4,3,0,North America,5
676,3.936,29,52462.04,64.716,1,1,3,1,0,North America,1
677,4.723,38,70582.55,59.92,1,1,2,6,0,Oceania,4
678,8.785,34,51816.27,61.20399999999999,0,0,5,3,1,Asia,2
679,6.557,46,23410.75,52.34400000000001,0,1,4,4,0,Europe,1
680,7.801,26,62729.4,80.284,1,0,0,3,0,Others,4
681,4.415,28,48867.67,56.784000000000006,1,1,4,1,0,Others,3
682,4.357,36,50971.73,50.08,1,1,5,6,1,Oceania,3
683,7.683,28,67990.84,77.124,0,0,4,3,0,South America,0
684,4.206,34,43241.19,52.620000000000005,0,1,2,6,0,North America,1
685,7.627,27,60082.66,90.676,1,0,5,6,1,Asia,1
686,7.427,37,65180.97,98.82,1,0,6,1,1,Africa,2
687,7.327,28,67301.39,86.49600000000001,1,0,6,5,1,Europe,1
688,7.458,36,70701.31,92.208,0,0,4,7,0,North America,5
689,7.75,28,60997.84,90.136,1,0,2,7,0,Others,3
690,8.716,33,60805.93,78.86,0,0,3,2,0,Asia,3
691,8.716,37,50711.68,92.78,1,0,2,3,0,Africa,3
692,6.626,47,14548.06,71.616,1,1,0,4,0,Asia,5
693,6.515000000000001,29,41335.84,46.92,0,1,3,7,0,Asia,1
694,6.825,33,76480.16,79.54400000000001,1,0,0,5,0,Oceania,3
695,7.348999999999999,38,67132.46,97.692,0,0,6,2,1,Oceania,3
696,3.919,54,52581.16,69.22,0,1,5,1,1,North America,4
697,8.015,25,55195.61,85.796,0,0,0,7,0,Europe,1
698,8.676,28,48679.54,75.964,0,0,2,2,0,Middle East,5
699,7.388,29,63109.74,93.444,0,0,0,1,0,Oceania,2
700,5.86,19,44490.09,79.172,1,0,6,6,1,Asia,5
701,6.976999999999999,54,57667.99,52.908,0,1,2,6,0,Europe,5
702,8.727,30,51824.01,81.708,1,1,6,3,1,Oceania,1
703,7.765000000000001,28,66198.66,83.204,0,0,4,2,0,Europe,5
704,7.601999999999999,40,73174.19,87.82000000000001,0,0,2,7,0,Europe,5
705,7.884,26,56593.8,87.064,1,0,2,6,0,Europe,1
706,7.133,23,31072.44,67.76,0,1,1,3,0,Asia,1
707,8.190000000000001,41,66773.83,90.188,0,0,5,6,1,Africa,3
708,4.689,48,72553.94,70.712,1,1,6,7,1,Asia,5
709,7.779999999999999,57,43708.88,61.176,0,1,6,2,1,Africa,3
710,4.544,43,48453.55,47.708,0,1,2,5,0,Asia,0
711,6.996,31,73413.87,85.624,1,0,4,5,0,Europe,2
712,8.735,35,58114.3,63.316,1,0,1,1,0,Europe,0
713,4.942,53,45465.25,51.2,1,1,3,7,0,Africa,3
714,7.127,21,50147.72,86.412,1,0,0,1,0,Africa,5
715,4.919,38,61004.51,49.232,0,1,3,5,0,Europe,1
716,3.996,35,53898.89,55.408,1,1,6,2,1,Oceania,2
717,8.501000000000001,29,59797.64,77.0,0,0,1,5,0,Europe,4
718,6.8950000000000005,51,74623.27,74.34,1,0,1,3,0,Others,2
719,6.759,45,58677.69,45.476,0,1,5,7,1,Europe,4
720,7.571,34,62109.8,98.424,0,0,4,3,0,Europe,5
721,4.307,36,60583.02,55.052,1,1,3,2,0,Asia,2
722,3.947,43,65576.05,65.392,1,1,2,7,0,Africa,2
723,4.822,40,73882.91,85.732,0,0,1,3,0,Oceania,2
724,7.676,25,50468.36,92.308,1,0,3,5,0,Others,5
725,7.874,27,51409.45,93.9,0,0,5,6,1,Europe,0
726,6.747,24,60514.05,90.02000000000001,1,0,6,3,1,Oceania,4
727,8.117,30,57195.96,92.764,1,0,4,6,0,North America,1
728,8.966,34,52802.58,68.49199999999999,1,0,2,2,0,Asia,5
729,7.959999999999999,28,56570.06,90.948,1,0,1,5,0,Europe,1
730,6.553,19,51049.47,76.068,1,0,0,6,0,Asia,4
731,6.186999999999999,35,66629.61,100.08,1,0,6,7,1,Oceania,5
732,8.315999999999999,41,70185.06,77.97999999999999,0,0,0,1,0,Europe,2
733,4.411,41,43111.41,48.496,1,1,2,4,0,North America,3
734,5.657,26,56435.6,52.792,0,1,5,1,1,Africa,4
735,8.391,29,53223.58,89.148,0,0,0,1,0,Africa,5
736,7.979999999999999,28,57179.91,91.952,1,0,4,4,0,North America,1
737,7.123,52,41521.28,49.036,0,1,1,1,0,Europe,4
738,4.723,43,73538.09,84.348,1,1,3,3,0,Oceania,3
739,8.237,30,63664.32,82.976,0,0,2,6,0,Oceania,5
740,4.363,38,61757.12,54.1,1,1,2,5,0,Asia,0
741,7.090000000000001,28,71727.51,76.38,0,0,4,6,0,Asia,4
742,7.19,29,72203.96,77.316,1,0,6,4,1,North America,5
743,6.212,37,50671.6,42.344,1,1,4,3,0,Europe,5
744,6.734999999999999,29,47510.42,47.476,0,1,3,4,0,Africa,1
745,5.799,50,62466.1,49.832,0,1,4,2,0,North America,3
746,6.68,29,59683.16,99.404,0,1,0,7,0,Europe,3
747,4.913,32,41097.17,48.196,0,1,4,1,0,Oceania,3
748,4.511,58,39799.73,78.276,0,1,1,1,0,Europe,1
749,5.4350000000000005,42,76984.21,65.608,0,0,0,6,0,Europe,3
750,6.182,59,57877.15,60.772000000000006,1,1,5,2,1,North America,5
751,7.775,31,59047.91,96.256,1,0,2,6,0,South America,1
752,7.061,28,72154.68,76.048,0,0,5,4,1,Europe,0
753,8.272,31,65704.79,71.928,0,0,6,1,1,Europe,2
754,7.687,36,72948.76,85.036,0,0,4,7,0,Others,2
755,6.507,34,73941.91,91.012,1,0,4,3,0,Others,4
756,5.693,37,57887.64,44.72,0,1,4,6,0,Africa,3
757,4.886,35,62463.7,51.348,1,1,0,1,0,Oceania,2
758,3.656,29,42838.29,78.356,0,1,4,1,0,Africa,5
759,8.573,32,43778.88,59.1,1,1,6,7,1,Asia,0
760,7.581,40,71157.05,91.676,0,0,6,3,1,Europe,2
761,7.294,31,74159.69,76.336,0,0,4,4,0,South America,1
762,5.363,54,50333.72,50.516000000000005,1,1,4,1,0,Africa,2
763,5.235,25,33293.78,59.044,1,1,6,6,1,Africa,4
764,5.284000000000001,51,38641.2,48.628,1,1,2,6,0,Europe,1
765,5.158,33,49822.78,46.364,0,1,6,4,1,Asia,5
766,4.232,29,63891.29,74.836,1,1,6,2,1,Others,2
767,5.504,42,43881.73,42.784,1,1,2,6,0,Europe,0
768,6.858,41,13996.5,68.616,1,1,2,7,0,North America,5
769,8.554,27,48761.14,70.172,1,0,3,3,0,Oceania,1
770,7.114,30,69758.31,89.928,0,0,1,6,0,Europe,0
771,6.438,19,52530.1,72.188,1,0,4,5,0,Africa,5
772,8.885,40,58363.12,85.584,0,0,6,1,1,Europe,5
773,6.679,60,60575.99,79.32000000000001,1,1,3,4,0,Africa,3
774,3.26,45,48206.04,74.188,0,1,0,5,0,Others,4
775,4.388,54,31523.09,66.74,1,1,5,6,1,Africa,0
776,5.646,26,66187.58,60.652,0,1,3,4,0,Europe,3
777,7.218000000000001,30,69438.04,90.00800000000001,0,0,4,6,0,South America,5
778,5.267,44,14775.5,76.50399999999999,0,1,3,5,0,Others,4
779,8.055,35,68016.9,87.964,0,0,0,3,0,Others,3
780,6.784999999999999,41,78520.99,81.08,1,1,3,1,0,Oceania,3
781,7.555,36,31998.72,49.484,1,1,5,3,1,Europe,2
782,8.046,29,56909.3,92.312,0,0,5,6,1,Asia,3
783,8.269,29,61161.29,66.964,1,0,1,5,0,Asia,4
784,3.521,39,52340.1,61.6,1,1,4,3,0,North America,3
785,3.637,40,47338.94,57.812,1,1,4,4,0,Oceania,3
786,7.406999999999999,22,50950.24,66.172,1,0,1,3,0,Africa,2
787,5.996,33,77143.61,79.064,0,1,3,1,0,Oceania,1
788,8.562000000000001,29,57032.36,78.272,0,0,3,4,0,Asia,1
789,4.088,33,48554.45,54.472,1,1,1,5,0,North America,4
790,3.698,31,39552.49,67.148,1,1,3,3,0,North America,1
791,3.5490000000000004,47,36884.23,68.01599999999999,0,1,2,4,0,Europe,0
792,5.656000000000001,26,68783.45,81.788,1,0,2,2,0,North America,0
793,3.662,32,51119.93,64.976,1,1,1,2,0,Europe,1
794,4.9350000000000005,49,44304.13,47.944,0,1,3,4,0,Africa,2
795,7.564,29,69718.19,81.928,1,0,1,3,0,Asia,3
796,7.922,27,63429.18,79.51599999999999,1,0,4,3,0,Europe,4
797,7.705,34,65756.36,94.432,0,0,1,5,0,Africa,1
798,6.683,46,77871.75,78.46799999999999,1,0,6,2,1,Europe,1
799,7.62,24,47258.59,91.524,1,0,2,3,0,Asia,1
800,5.664,29,55984.89,49.296,1,1,5,2,1,Africa,1
801,5.333,34,44275.13,44.652,1,1,0,3,0,Europe,5
802,5.063000000000001,50,25767.16,56.892,0,1,3,3,0,Europe,5
803,4.184,49,37605.11,55.728,0,1,6,5,1,Europe,0
804,5.392,41,25739.09,50.184,1,1,6,6,1,Asia,0
805,8.389,28,60188.38,72.352,1,0,5,5,1,Asia,1
806,5.532,43,67682.32,51.06,0,1,4,3,0,Europe,2
807,5.322,44,44307.18,43.54,0,1,3,5,0,Others,4
808,4.316,35,25371.52,62.444,1,1,2,7,0,Oceania,5
809,6.751,43,23942.61,50.88,0,1,4,4,0,Africa,2
810,4.316,29,50666.5,57.216,1,1,5,3,1,North America,1
811,7.989,30,50356.06,96.552,1,0,0,5,0,North America,3
812,8.425,32,63936.5,68.36,1,0,6,4,1,Africa,3
813,7.418000000000001,28,69874.18,81.548,0,0,2,1,0,North America,4
814,8.578,34,50038.65,93.112,0,0,2,7,0,Others,3
815,8.096,39,67866.95,90.0,1,0,6,1,1,Oceania,2
816,3.691,48,54645.2,63.876,0,1,2,2,0,Africa,4
817,5.447,23,46780.09,56.608,0,1,5,3,1,Africa,1
818,8.198,34,67432.49,85.152,0,0,5,6,1,Oceania,3
819,7.959999999999999,39,73392.28,77.692,0,0,4,4,0,Africa,2
820,5.751,38,47682.28,42.284,0,1,3,3,0,Europe,2
821,8.23,31,56735.83,92.884,0,0,5,4,1,Africa,3
822,7.321,30,51013.37,101.04,1,1,3,5,0,Europe,1
823,7.909000000000001,32,69481.85,83.888,1,0,5,5,1,Oceania,1
824,6.847,28,67033.34,90.656,0,0,5,6,1,Europe,1
825,8.369,36,68717.0,77.02799999999999,0,0,2,3,0,Oceania,3
826,8.348,31,59340.99,89.088,1,0,4,3,0,Asia,5
827,4.349,45,47968.32,49.868,0,1,1,6,0,Asia,5
828,6.669,35,48758.92,43.308,0,1,2,5,0,Others,0
829,4.846,49,61230.03,52.952,1,1,3,1,0,Asia,2
830,4.251,30,54755.71,57.908,1,1,4,1,0,Asia,4
831,4.283,34,54324.73,52.952,1,1,5,4,1,Europe,0
832,4.146,42,52177.4,51.592,1,1,0,5,0,Europe,4
833,4.599,33,51163.14,49.844,1,1,5,2,1,Asia,5
834,6.872,27,66861.67,90.388,0,0,1,2,0,Europe,3
835,6.311,34,63107.88,101.976,1,0,3,3,0,Oceania,4
836,4.921,46,49206.4,46.24,0,1,6,2,1,North America,2
837,5.577,49,55942.04,46.932,1,1,1,3,0,South America,1
838,4.413,40,33601.84,51.392,1,1,3,3,0,North America,1
839,5.782,46,48867.36,43.024,1,1,2,4,0,Europe,2
840,7.245999999999999,40,56683.32,45.412,0,1,6,5,1,Africa,0
841,6.188000000000001,45,38260.89,43.272000000000006,0,1,0,5,0,Asia,5
842,7.824,23,54106.21,79.716,0,0,0,4,0,Europe,1
843,7.461,38,71055.22,92.512,1,0,2,4,0,Africa,4
844,8.918000000000001,37,46403.18,89.604,1,0,1,4,0,Asia,4
845,4.416,42,61690.93,53.368,1,1,2,5,0,Europe,3
846,5.574,37,26130.93,49.736,1,1,3,2,0,Asia,4
847,8.882,36,58638.75,67.64,0,0,5,1,1,Europe,4
848,7.039,32,47357.39,104.608,1,0,1,7,0,North America,2
849,5.904999999999999,52,50086.17,47.38,1,1,5,4,1,Africa,4
850,7.858,33,51772.58,100.044,1,0,5,4,1,Oceania,3
851,3.511,35,47638.3,63.212,1,1,4,3,0,Others,3
852,6.039,45,38987.42,43.3,1,1,2,3,0,Europe,0
853,8.156,26,51363.16,85.47999999999999,1,0,2,7,0,Africa,0
854,7.503,34,35764.49,102.228,0,1,6,5,1,South America,1
855,5.087,24,62939.5,76.164,0,1,1,5,0,Africa,0
856,8.28,30,58776.67,89.28,1,0,5,5,1,Africa,3
857,7.851000000000001,25,59106.12,82.284,1,0,6,1,1,Europe,1
858,3.765,51,50457.01,64.51599999999999,1,1,2,3,0,Asia,3
859,8.317,43,54251.78,97.76,1,0,1,4,0,Asia,2
860,9.137,45,51920.49,73.06,1,1,4,4,0,Asia,5
861,6.825,29,70324.8,88.03200000000001,0,0,0,2,0,Europe,3
862,8.132,25,52416.18,66.26,0,0,1,3,0,Europe,4
863,7.664,39,66217.31,96.6,1,0,1,2,0,Europe,5
864,7.406000000000001,50,60938.73,98.516,1,0,4,6,0,Others,3
865,3.953,33,40243.82,56.884,1,1,2,6,0,Africa,5
866,8.658,32,60151.77,78.372,1,0,4,2,0,North America,2
867,9.075,40,45945.88,86.6,0,0,4,3,0,Africa,2
868,6.770999999999999,25,63430.33,90.304,1,0,3,4,0,Asia,5
869,8.241,36,65882.81,88.83200000000001,0,0,1,4,0,North America,4
870,4.582,27,64410.8,68.49600000000001,1,1,2,2,0,Africa,2
871,7.679,27,55677.12,94.376,0,0,6,5,1,North America,5
872,7.005,33,75560.65,81.376,0,0,3,3,0,Europe,5
873,7.218999999999999,32,61067.58,100.128,1,0,4,4,0,Europe,3
874,7.734999999999999,34,72330.57,66.904,0,0,2,3,0,Asia,5
875,4.034000000000001,29,32549.95,69.5,0,1,2,3,0,Oceania,5
876,6.739,44,51257.26,42.876,0,1,6,1,1,Asia,1
877,6.868,34,77220.42,74.812,1,0,4,7,0,Africa,0
878,8.175,43,52520.75,99.78,0,0,1,6,0,North America,1
879,6.603,22,59422.47,86.94800000000001,0,0,1,5,0,North America,4
880,4.774,33,22456.04,61.972,1,1,5,5,1,North America,2
881,7.918000000000001,31,58443.99,94.784,0,0,6,1,1,Africa,2
882,8.681000000000001,29,50820.74,79.848,1,0,6,2,1,Asia,5
883,4.1530000000000005,42,67575.12,63.524,0,1,0,5,0,Others,3
884,7.0920000000000005,39,66522.79,99.924,1,0,3,7,0,Africa,1
885,4.684,45,34903.67,49.288,0,1,6,5,1,Asia,2
886,4.44,53,43073.78,56.38,1,1,3,6,0,Europe,2
887,5.2170000000000005,44,57594.7,46.148,1,1,2,2,0,Africa,1
888,8.145,31,66027.31,82.336,1,0,0,5,0,Africa,1
889,5.408,36,53012.94,44.408,1,1,3,6,0,Others,5
890,7.665000000000001,31,61117.5,95.372,0,0,0,4,0,Asia,3
891,5.439,20,52563.22,68.76,1,1,0,2,0,Others,2
892,3.774,40,65773.49,76.38,0,1,4,5,0,Europe,3
893,6.986,25,50506.44,96.544,0,0,1,1,0,Oceania,1
894,8.537,36,66262.59,77.824,1,0,2,1,0,Others,5
895,8.099,26,35521.88,83.012,1,0,4,6,0,Europe,1
896,7.884,32,62430.55,94.116,1,0,5,4,1,Asia,1
897,7.736,41,49597.08,46.316,0,1,4,2,0,North America,1
898,5.546,37,42078.89,43.24,0,1,6,2,1,Asia,3
899,3.566,45,46197.59,60.688,0,1,4,4,0,South America,5
900,5.078,51,49957.0,48.816,0,1,3,2,0,Africa,1
901,4.047,38,24078.93,81.56,0,1,4,7,0,Africa,0
902,4.561999999999999,43,53647.81,48.512,0,1,6,6,1,Asia,5
903,8.476,30,61039.13,71.476,0,0,5,5,1,South America,1
904,8.064,26,46974.15,88.636,0,0,1,5,0,Europe,1
905,7.593999999999999,27,53042.51,94.784,1,0,1,2,0,Europe,0
906,3.701,50,48826.14,86.404,0,1,6,3,1,Europe,1
907,8.718,31,58287.86,77.44,0,0,6,1,1,Africa,1
908,5.691,50,21773.22,58.576,0,1,4,4,0,Oceania,2
909,7.523999999999999,24,52252.91,90.596,0,0,3,2,0,Oceania,1
910,4.284000000000001,52,27073.27,72.88,1,1,0,3,0,Africa,0
911,6.756,47,50628.31,43.992,0,1,4,2,0,South America,3
912,3.496,42,36913.51,64.196,1,1,2,6,0,Europe,1
913,8.745999999999999,37,61009.1,84.624,1,0,3,6,0,Oceania,0
914,4.186,39,53041.77,51.448,1,1,5,3,1,Africa,2
915,3.404,34,40182.84,69.952,1,1,1,2,0,North America,3
916,5.496,42,59419.78,45.5,1,1,6,2,1,Africa,4
917,8.714,31,58235.21,79.76,1,0,2,5,0,Asia,1
918,7.879,32,68324.48,86.116,1,0,6,2,1,South America,5
919,6.556,25,69646.35,72.5,1,0,1,1,0,Africa,4
920,8.105,34,54045.39,98.2,0,0,2,5,0,Asia,1
921,5.571,37,57806.03,45.008,1,1,6,3,1,Asia,4
922,4.548,49,53336.76,51.664,1,1,3,5,0,Asia,4
923,4.7,56,50491.45,59.812,0,1,4,4,0,North America,4
924,5.964,51,71455.62,61.248000000000005,1,1,1,5,0,South America,2
925,3.598,45,43241.88,60.316,0,1,0,6,0,Africa,2
926,7.255,22,58953.01,80.936,0,0,0,2,0,Europe,2
927,9.115,38,36834.04,73.99199999999999,0,0,0,2,0,Europe,3
928,8.053,29,66345.1,75.056,0,0,0,3,0,Asia,3
929,8.248999999999999,45,38645.4,52.336,0,1,1,5,0,North America,4
930,8.094,36,60803.0,95.976,0,0,4,1,0,North America,4
931,6.176,34,33553.9,45.876,0,1,4,5,0,North America,2
932,6.33,38,63071.34,46.476,0,1,0,5,0,Oceania,5
933,3.673,34,46737.34,59.916,1,1,0,6,0,Europe,5
934,7.840999999999999,33,55368.67,99.292,1,0,4,6,0,Africa,1
935,8.398,36,68305.91,77.848,0,0,2,2,0,Africa,0
936,6.318,45,39211.49,43.168,0,1,5,3,1,Asia,3
937,5.0600000000000005,48,65956.71,54.268,0,1,4,1,0,South America,3
938,3.26,38,40159.2,76.02000000000001,0,1,4,2,0,Middle East,3
939,6.083,19,40478.83,74.184,1,0,4,2,0,Asia,4
940,4.472,46,40468.53,49.544,1,1,5,3,1,North America,0
941,7.876,51,66980.27,64.82000000000001,0,1,5,7,1,Africa,2
942,7.951,39,34942.26,50.044,1,1,6,3,1,Asia,4
943,3.93,32,48335.2,58.292,0,1,2,2,0,Europe,3
944,6.479000000000001,30,42251.59,46.428,0,1,2,2,0,Asia,5
945,8.98,36,57330.43,79.296,0,0,1,2,0,Africa,5
946,7.281999999999999,34,75769.82,76.728,1,0,2,1,0,Europe,4
947,3.865,31,51812.71,61.908,1,1,1,5,0,Europe,2
948,5.901,30,75265.96,71.5,1,1,0,2,0,Asia,1
949,7.895999999999999,50,69868.48,77.26,0,1,4,2,0,North America,2
950,6.399,43,72802.42,55.384,0,1,0,1,0,North America,2
951,4.135,27,39193.45,64.98400000000001,1,1,3,3,0,South America,4
952,6.279,36,18368.57,92.748,1,1,0,5,0,Europe,1
953,4.553,29,56129.89,56.632000000000005,0,1,4,4,0,Asia,3
954,5.165,31,58996.56,99.996,0,0,2,5,0,Europe,3
955,5.455,44,41547.62,43.616,0,1,3,2,0,North America,5
956,3.566,36,59240.24,69.02799999999999,0,1,6,2,1,Oceania,2
957,6.995,28,56725.47,98.804,0,0,3,4,0,Europe,4
958,7.983,29,55764.43,93.692,1,0,2,5,0,Africa,3
959,8.535,37,64235.51,64.568,1,0,2,2,0,South America,4
960,5.678,28,39939.39,49.728,0,1,6,6,1,Africa,2
961,7.867,26,63319.99,78.224,0,0,5,2,1,Asia,2
962,7.009,21,54725.87,84.46799999999999,0,0,4,1,0,Europe,4
963,6.075,42,69775.75,98.82,1,0,4,2,0,South America,3
964,6.507,24,57545.56,93.54,0,0,6,1,1,Africa,1
965,3.525,50,47051.02,77.776,0,1,6,1,1,Asia,4
966,3.758,52,51600.47,70.67999999999999,1,1,2,4,0,Europe,4
967,6.801,25,68357.96,75.328,1,0,4,1,0,Asia,4
968,4.508,38,35349.26,50.108,0,1,6,3,1,Africa,0
969,6.304,27,69784.85,63.620000000000005,0,1,6,7,1,Others,1
970,4.018,29,50760.23,60.784000000000006,0,1,5,6,1,Asia,5
971,4.517,48,34418.09,52.828,1,1,2,1,0,Oceania,5
972,5.048,50,20592.99,64.97200000000001,0,1,0,5,0,Africa,2
973,8.087,28,63528.8,81.32000000000001,0,0,5,2,1,South America,4
974,4.188000000000001,40,44217.68,50.444,1,1,6,2,1,Europe,5
975,3.987,48,47929.83,55.736,1,1,0,6,0,North America,3
976,6.184,45,46024.29,42.252,1,1,3,5,0,Africa,5
977,5.497,31,51900.03,46.552,1,1,3,7,0,Europe,3
978,7.140000000000001,30,72188.9,66.524,0,0,1,5,0,Asia,3
979,7.029000000000001,31,56974.51,101.86,1,0,2,3,0,Oceania,3
980,6.726000000000001,57,25682.65,67.364,1,1,4,5,0,Europe,1
981,7.657999999999999,46,41884.64,103.304,0,0,6,1,1,Asia,1
982,5.436999999999999,38,72196.29,56.30800000000001,0,1,5,6,1,North America,5
983,8.279,32,54429.17,93.924,1,0,2,2,0,Asia,3
984,6.647,31,58037.66,102.556,1,0,3,3,0,Europe,2
985,7.287999999999999,44,64011.26,50.048,0,1,3,4,0,Asia,0
986,7.644,28,59967.19,93.072,1,0,2,4,0,North America,2
987,6.337,43,43155.19,42.016000000000005,1,1,2,3,0,Europe,5
988,8.971,48,51501.38,81.76,1,0,2,2,0,Asia,4
989,7.095999999999999,31,55187.85,102.56,0,0,6,6,1,North America,3
990,3.579,44,33813.08,66.248,1,1,2,4,0,Oceania,5
991,3.896,38,36497.22,56.268,1,1,3,7,0,Africa,5
992,6.917,40,66193.81,49.448,0,1,6,3,1,Europe,3
993,6.42,27,66200.96,91.052,1,0,3,2,0,North America,2
994,4.37,28,63126.96,69.204,0,1,0,4,0,Others,5
995,7.297,30,71384.57,83.432,1,1,3,2,0,Asia,3
996,5.13,45,67782.17,53.768,1,1,4,4,0,Europe,3
997,5.163,51,42415.72,48.148,1,1,0,2,0,Asia,1
998,5.555,19,41920.79,75.17999999999999,0,0,3,3,0,North America,2
999,4.501,26,29875.8,71.34,0,1,4,6,0,South America,3
